filename,status,total_pages,text_pages,searchable_ratio,total_characters,text_extractable,scope,individual_scope_pages,consolidated_scope_pages,total_assets_found,total_assets_pages,total_equity_found,total_equity_pages,net_banking_income_found,net_banking_income_pages,operating_income_found,operating_income_pages,net_income_found,net_income_pages,customer_deposits_found,customer_deposits_pages,net_customer_loans_found,net_customer_loans_pages,fields_found,eligible_auto
amen_2023.pdf,OK,154,0,0.00,0,no,not_detected,,,no,,no,,no,,no,,no,,no,,no,,0,review
amen_2024.pdf,OK,87,79,0.91,380840,yes,both,"2,32,39,41,84","2,63,64,65,66,67,68,71,72,76,82",yes,"12,14,33,63,81",yes,"9,12,13,15,17,20,24,26,33,34,39,40,50,54,63,64,65,66,67,75,76,81,82",yes,"12,18,20,26,40,82",yes,"20,40,66,81",yes,"12,13,18,20,33,34,40,44,50,54,57,63,66,71,76,78,79,81,82,84",yes,"12,14,40,41,44,52,58,66,67,74",yes,"12,16,17,33,40,44,46,48,55,63,66,72,77",7,yes
ATB_2023.pdf,OK,157,151,0.96,254275,yes,both,75,"111,122,123,125,126,127,128,129,130,131,132,133,135,136,139,140,147,153,156",yes,"22,23,67,76,107,111,113,114,115,116,117,118,119,120,125,131",yes,"22,26,45,53,63,65,76,82,84,94,100,110,111,113,114,115,116,117,118,119,123,131,135,138,139,140,146,147",yes,"4,7,19,21,22,24,78,153",yes,"24,78,133,139,153",yes,"5,15,21,22,24,26,63,76,78,81,82,94,100,106,108,111,113,114,115,116,117,118,119,120,133,137,138,146,147,153,155",yes,"19,23,76,79,97,98,111,131,134,145",yes,"23,66,76,82,87,88,89,102,111,124,131,138,142",7,yes
attijari_2024.pdf,OK,198,163,0.82,187806,yes,both,"7,75,91","7,95,96",yes,"55,56,62,91,95",yes,"7,55,60,63,82,89,91,95",yes,"4,55,60,61,63,64,74,86,93,97,174",yes,"93,97",yes,"4,55,62,63,64,89,91,95,97",yes,"55,56,57,60,63,91,94,95,98",yes,"55,56,58,59,63,91,95",7,yes
attijari_2025.pdf,OK,218,192,0.88,221837,yes,both,"11,87,103","11,107,108",yes,"66,67,73,103,107",yes,"11,66,74,78,94,101,103,107",yes,"8,66,71,72,74,75,98,105,109",yes,"105,109",yes,"8,66,72,73,74,75,101,103,105,107,109",yes,"66,67,68,74,75,103,106,107,110",yes,"66,69,70,74,103,107",7,yes
bh_2024.pdf,OK,251,218,0.87,332283,yes,both,"16,117,228,229,248","5,209,210,211,212,213,214,216,217,218,219,224,227,228,229,230",yes,"6,30,191,200,205,207,208",yes,"29,30,35,41,94,110,112,114,120,126,144,169,171,191,192,195,200,205,220,229,238",yes,"6,12,24,25,26,29,30,43,44,73,74,83,146,206,222",yes,"29,45,146,201,204,222",yes,"6,29,30,35,45,122,144,146,149,169,170,191,192,193,195,197,200,204,205,206,207,208,215,220,222,225,229,238,239,248,249",yes,"31,144,147,165,166,182,220,223,236",yes,"29,36,144,156,174,182,220,233,241",7,yes
biat_2024.pdf,OK,121,104,0.86,164846,yes,both,"4,68,72,91",4,yes,"25,28,42",yes,"25,29,30,36,40,88,106",yes,"23,24,27,28,29,42",yes,24,yes,"24,27,28,29,36,41,42,51",yes,"12,21,26",yes,"12,22,26,30",7,yes
biat_2025.pdf,OK,131,100,0.76,180229,yes,both,"4,67,71,91","4,68",yes,"25,28,43",yes,"3,25,29,30,36,88,106,107",yes,"23,24,27,28,29,43",yes,24,yes,"24,27,28,29,39,43",yes,"13,21,26",yes,"13,22,26,30",7,yes
bna_2024.pdf,OK,204,202,0.99,333834,yes,both,"3,16,19,67,72,116,125,152,201,204","3,143,144,145,146,148,150,151,152,153,161,162,163,175,176,187,188,191,192,193,194,195,196,197,198,199,201",yes,63,yes,"5,16,20,22,59,64,68,79,80,93,94,100,115,117,119,120,121,128,129,140,144,151,152,153,157,158,160,171,172,175,176,186,189,190,192,194,195,196,197",yes,"62,63,70,108,146,183,187,188,189,190",yes,"70,141,142,146,187,188",yes,"5,59,63,68,70,77,80,100,118,139,140,144,146,156,161,175,176,182,187,188,193,202",yes,"5,58,62,63,68,71,78,96,97,144,147,158,173",yes,"61,68,74,77,78,82,84,103,144,152,153,156,164,178,193",7,yes
BT_2024.pdf,OK,220,195,0.89,350064,yes,consolidated_only_detected,,"5,167,168,169,171,173,174,175,177,179,181,183,184,185,186,187,189,190,191,193,195,197,198,199,201,203,205,207,209,212,213,214,215,216,217,218",yes,"14,115,151,152,153,154,155,156,160,161,162,163,164,165,212",yes,"4,13,14,31,37,38,42,44,45,47,53,70,83,101,102,130,152,155,156,157,158,168,181,185,187,189,192,198",yes,"4,14,31,32,34,35,42,72,144,170",yes,"32,72,170",yes,"4,14,31,32,36,37,38,72,81,83,101,102,136,151,152,153,154,155,156,157,158,159,160,161,162,163,164,165,170,179,181,187,198,206,212",yes,"14,24,70,73,82,98,99,106,168,171,180,196,202",yes,"4,23,25,26,33,70,85,89,90,111,112,114,130,168,183,191,213",7,review
STB_2024.pdf,OK,200,194,0.97,433313,yes,both,"3,97,145","3,65,119,124,125,129,134,139,140,141,144,145,146,152,153,157,171,174,181,192,193,194,195,196,197,198,199,200",yes,"36,128,129",yes,"3,17,23,26,35,36,37,44,45,46,59,66,72,73,89,98,99,102,103,104,109,124,125,127,128,129,133,140,145,146,147,151,156,171,182,190,191,192,193,194,197,198",yes,"36,39,46,47,48,49,70,93,128,130,142,149,188,189,190,191",yes,"39,47,48,49,130,142,188,189",yes,"8,10,36,37,39,44,48,49,68,89,90,98,101,110,119,128,130,131,142,145,147,171,182,183,188,189,190,191,192,195",yes,"36,37,40,41,71,85,86,99,128,129,140,143,150,167,193",yes,"37,42,46,68,69,77,92,101,103,129,140,146,147,156,159,160,175,195,196,197",7,yes
UBCI_2024.pdf,OK,192,172,0.90,306679,yes,both,"5,93,188","5,154,155,156,159,160,166,180,183,184,185,186,189",yes,"8,46,47,95",yes,"4,26,46,47,49,65,79,84,85,95,123,139,155,160,172,180",yes,"7,8,46,48,50,51,62,97,108,157,166",yes,"50,97,157",yes,"8,46,48,49,50,51,92,95,97,123,131,157,163,172,177,188",yes,"46,47,95,119,128,155,158,171,176",yes,"46,95,101,104,110,111,112,113,125,140,155,160,163,168,169,174,181",7,yes
UIB_2024.pdf,OK,209,205,0.98,371065,yes,both,"3,4,34,86,89,135,137,139,141,143,145,147,149,151,153,155,157,159,161,163,165,167,169,171,173,175,177,179,181,185,187,189,191,193,195,197,199,204,206","7,204,206",yes,"42,43,57,68,113,116",yes,"42,63,64,68,94,117,120,131,137,143,159,184",yes,"7,41,42,52,59,60,66,94,113,116,120,139,144,185",yes,"42,61,66,68,139",yes,"7,42,62,64,66,68,69,113,116,131,137,139,144,160,168,185,207",yes,"41,43,44,64,67,113,137,140,155,156",yes,"43,64,113,137,146,147,148",7,yes
